Licenses by group includes senior and regular,Column2021,Column2022,Computed_Percentage
,1898444,1423820,-33.33455072
All Water,160735,136205,-18.00961786
Combo,669658,660767,-1.345557511
Freshwater,309286,229903,-34.52891002
One-Day,209257,108156,-93.47701468
Saltwater,67412,47947,-40.59690909
YFP,482096,240842,-100.1710665
