Licenses by group includes senior and regular,Column2018,Volume2019,percentage_change
All Water,111055,119353,6.9524854842
Combo,615703,613420,-0.372175671
Freshwater,297207,279627,-6.286946539
One-Day,203778,211570,3.6829418159
Saltwater,59141,58570,-0.974901827
YFP,381226,394120,3.2715924084
