Licenses by group includes senior and regular,Column2019,Column2020,Computed_Percentage
,1676660,1933425,13.280318606
All Water,119353,139473,14.425731145
Combo,613420,622797,1.5056270342
Freshwater,279627,340747,17.937061808
One-Day,211570,233231,9.2873588845
Saltwater,58570,64354,8.987786307
YFP,394120,532823,26.031721604
