Licenses by group includes senior and regular,Column2020,Column2021,Computed_Percentage
,1933425,1898444,-1.842614267
All Water,139473,160735,13.227983949
Combo,622797,669658,6.9977510909
Freshwater,340747,309286,-10.17213841
One-Day,233231,209257,-11.45672546
Saltwater,64354,67412,4.5362843411
YFP,532823,482096,-10.52217816
